2025-04-11_13-49-05,Alert triggered
2025-04-11_13-49-15,Alert triggered
2025-04-11_13-49-25,Alert triggered
2025-04-11_13-49-35,Alert triggered
2025-04-11_14-56-45,Alert triggered
2025-04-12_14-22-14,Alert triggered
2025-04-12_14-22-25,Alert triggered
2025-04-12_14-28-57,Alert triggered
2025-04-12_16-09-42,Alert triggered
2025-04-12_16-09-52,Alert triggered
2025-04-12_16-10-02,Alert triggered
2025-04-12_16-17-51,Alert triggered
2025-04-12_16-18-01,Alert triggered
2025-04-12_16-18-11,Alert triggered
2025-04-12_16-18-22,Alert triggered
2025-04-12_16-24-28,Alert triggered
2025-04-12_16-24-38,Alert triggered
2025-04-12_16-24-48,Alert triggered
2025-04-12_16-43-20,Alert triggered
2025-04-12_16-43-30,Alert triggered
2025-04-12_16-43-40,Alert triggered
2025-04-12_16-43-50,Alert triggered
2025-04-12_17-02-34,Alert triggered
2025-04-12_17-02-44,Alert triggered
2025-04-12_17-02-54,Alert triggered
2025-04-12_19-14-24,Alert triggered
2025-04-12_19-14-34,Alert triggered
2025-04-12_19-14-44,Alert triggered
2025-04-12_19-14-54,Alert triggered
2025-04-13_11-40-58,Alert triggered
2025-04-13_11-41-08,Alert triggered
2025-04-13_11-59-53,Alert triggered
2025-04-13_12-00-04,Alert triggered
2025-04-13_12-00-14,Alert triggered
2025-04-13_12-00-24,Alert triggered
2025-04-13_12-01-44,Alert triggered
2025-04-13_12-03-40,Alert triggered
2025-04-13_12-03-50,Alert triggered
2025-04-13_12-08-50,Alert triggered
2025-04-13_12-09-00,Alert triggered
2025-04-13_12-10-11,Alert triggered
2025-04-13_12-10-21,Alert triggered
2025-04-13_13-01-13,Alert triggered
2025-04-13_13-01-23,Alert triggered
2025-04-13_13-01-33,Alert triggered
2025-04-13_13-01-43,Alert triggered
2025-04-13_13-04-39,Alert triggered
2025-04-13_13-04-49,Alert triggered
2025-04-13_13-04-59,Alert triggered
2025-04-13_13-11-03,Alert triggered
2025-04-13_13-11-13,Alert triggered
2025-04-13_13-11-23,Alert triggered
2025-04-13_13-11-34,Alert triggered
2025-04-13_13-13-58,Alert triggered
2025-04-13_13-14-08,Alert triggered
2025-04-13_13-15-42,Alert triggered
2025-04-13_13-15-53,Alert triggered
2025-04-13_13-16-03,Alert triggered
2025-04-13_13-17-28,Alert triggered
2025-04-13_13-17-39,Alert triggered
2025-04-13_19-22-49,Alert triggered
2025-04-13_19-22-59,Alert triggered
2025-04-13_19-23-10,Alert triggered
2025-04-13_19-23-20,Alert triggered
2025-04-13_19-26-02,Alert triggered
2025-04-13_19-26-12,Alert triggered
2025-04-13_19-26-22,Alert triggered
2025-04-13_19-26-32,Alert triggered
2025-04-13_19-26-42,Alert triggered
2025-04-13_19-26-53,Alert triggered
2025-04-13_19-27-03,Alert triggered
2025-04-13_19-27-13,Alert triggered
2025-04-13_19-27-23,Alert triggered
2025-04-13_19-27-33,Alert triggered
2025-04-13_19-27-43,Alert triggered
2025-04-13_19-27-53,Alert triggered
2025-04-13_19-28-03,Alert triggered
2025-04-13_19-28-13,Alert triggered
2025-04-13_19-28-24,Alert triggered
2025-04-13_19-28-34,Alert triggered
2025-04-13_19-28-44,Alert triggered
2025-04-13_19-28-54,Alert triggered
2025-04-13_19-29-04,Alert triggered
2025-04-13_19-29-14,Alert triggered
2025-04-13_19-29-24,Alert triggered
2025-04-13_19-29-34,Alert triggered
2025-04-13_19-29-44,Alert triggered
2025-04-13_19-29-54,Alert triggered
2025-04-13_19-30-04,Alert triggered
2025-04-13_19-30-14,Alert triggered
2025-04-13_19-30-25,Alert triggered
2025-04-13_19-30-35,Alert triggered
2025-04-13_19-30-45,Alert triggered
2025-04-13_19-30-55,Alert triggered
2025-04-13_19-31-05,Alert triggered
2025-04-13_19-31-15,Alert triggered
2025-04-13_19-31-25,Alert triggered
2025-04-13_19-31-35,Alert triggered
2025-04-13_19-31-45,Alert triggered
2025-04-13_19-31-55,Alert triggered
2025-04-13_19-32-05,Alert triggered
2025-04-13_19-32-17,Alert triggered
2025-04-13_19-32-27,Alert triggered
2025-04-22_11-14-45,Alert triggered
2025-04-22_11-14-55,Alert triggered
2025-04-22_12-03-09,Alert triggered
2025-04-22_12-03-19,Alert triggered
2025-04-23_23-10-53,Alert triggered
2025-04-23_23-11-04,Alert triggered
2025-04-29_00-52-45,Alert triggered
2025-04-29_00-52-55,Alert triggered
